Tract ID,Population 2010,Population 2000,White 2010,White 2000,Black or African American 2010,Black or African American 2000,American Indian and Alaska Native 2010,American Indian and Alaska Native 2000,Asian 2010,Asian 2000,Native Hawaiian and Other Pacific Islander 2010,Native Hawaiian and Other Pacific Islander 2000,Other Race 2010,Other Race 2000,Two or More Races 2010,Two or More Races 2000,Not Hispanic or Latino 2010,Not Hispanic or Latino 2000,Hispanic or Latino 2010,Hispanic or Latino 2000,Male 2010,Male 2000,Female 2010,Female 2000,Median Age 2010,Median Age 2000,Households 2010,Households 2000,Family Households 2010,Family Households 2000,Husband-wife family 2010,Husband-wife family 2000,Male no wife present 2010,Male no wife present 2000,Female no husband present 2010,Female no husband present 2000,Living alone 2010,Living alone 2000,Living with roommates 2010,Living with roommates 2000,Households with over-60's 2010,Households with over-60's 2000
980401,0,,0,,0,,0,,0,,0,,0,,0,,0,,0,,0,,0,,0,,0,,0,,0,,0,,0,,0,,0,,0,
025200,5369,5454,3610,5165,222,3390,81,235,548,34,13,572,584,26,311,908,3889,1625,1480,3829,2673,2755,2696,2699,40,36.4,2125,2094,1078,546,752,221,99,1548,227,1001,567,325,567,325,598,179
031200,,8487,,8116,,1536,,1526,,33,,4356,,40,,625,,1233,,7254,,4182,,4305,,36.0,,2308,,399,,161,,1909,,1684,,514,,514,,373
023300,2624,2591,219,2492,293,245,21,435,1672,15,10,1517,315,27,94,253,2072,430,552,2161,1310,1301,1314,1290,37.8,33.5,620,640,543,64,348,34,65,576,130,539,47,203,47,203,284,77
013500,2556,2666,2001,2584,66,2188,5,53,360,9,2,305,29,5,93,24,2393,110,163,2556,1146,1251,1410,1415,37,36.4,1622,1741,401,1090,348,455,15,651,38,416,1002,94,1002,94,397,153
020402,3997,,2901,,119,,18,,607,,13,,146,,193,,3548,,449,,2500,,1497,,42.6,,2409,,545,,425,,49,,71,,1208,,1208,,574,
031201,6167,,1159,,538,,27,,3672,,35,,513,,223,,5190,,977,,3058,,3109,,38.9,,1740,,1206,,832,,109,,265,,308,,308,,755,
030400,5106,5177,2679,4999,50,2933,6,53,2057,5,6,1931,54,10,254,67,4829,223,277,4954,2507,2482,2599,2695,45.1,42.0,1933,1910,1342,371,1102,120,64,1539,176,1342,411,484,411,484,877,345
011400,,3175,,3142,,61,,36,,3,,3019,,0,,23,,45,,3130,,1442,,1733,,52.6,,1507,,639,,216,,868,,833,,181,,181,,442
031202,3137,,515,,377,,12,,1837,,4,,290,,102,,2596,,541,,1541,,1596,,38.4,,837,,618,,427,,66,,125,,123,,123,,379,
060600,,530,,513,,52,,316,,4,,107,,9,,25,,67,,463,,245,,285,,30.3,,159,,23,,7,,136,,126,,28,,28,,6
980200,320,,236,,36,,2,,30,,3,,4,,9,,295,,25,,245,,75,,62.5,,62,,33,,26,,4,,3,,25,,25,,27,
016801,3218,,2327,,269,,13,,315,,4,,112,,178,,2828,,390,,1865,,1353,,35,,1634,,369,,262,,37,,70,,735,,735,,257,
016800,,6101,,5756,,4092,,938,,56,,444,,10,,216,,576,,5525,,3664,,2437,,33.6,,3194,,1544,,1006,,1650,,619,,100,,100,,145
016802,3264,,2116,,375,,32,,392,,5,,173,,171,,2840,,424,,1882,,1382,,35.5,,1804,,361,,198,,60,,103,,991,,991,,290,
021400,3264,3285,2567,3145,44,2663,12,51,352,21,2,268,109,6,178,136,2871,386,393,2899,1617,1645,1647,1640,38,36.0,1619,1684,655,653,528,315,39,1031,88,631,584,187,584,187,366,103
016000,2465,2026,1346,1919,122,1308,8,91,787,5,4,443,91,9,107,63,2227,159,238,1867,1343,1115,1122,911,44.3,40.7,1633,1418,365,937,277,514,27,481,61,268,985,32,985,32,633,177
025900,4261,4278,1035,4072,436,1178,20,543,2099,21,19,1923,434,16,218,391,3464,739,797,3539,2049,2085,2212,2193,43,39.0,1327,1316,943,243,648,113,86,1073,209,990,285,327,285,327,675,251
045200,6474,6695,2984,6445,96,3128,30,94,2900,9,12,3135,141,2,311,77,6076,287,398,6408,3067,3145,3407,3550,38.8,36.6,2735,2777,1403,839,1056,352,104,1938,243,1446,836,428,836,428,923,401
042602,3243,,1850,,41,,9,,1116,,1,,58,,168,,3060,,183,,1517,,1726,,39.3,,1411,,760,,586,,38,,136,,444,,444,,479,
042600,,7200,,6945,,3948,,83,,18,,2789,,4,,103,,355,,6845,,3352,,3848,,37.8,,3201,,1083,,430,,2118,,1608,,468,,468,,413
040100,4088,4348,2290,4197,73,2467,5,76,1425,11,5,1575,117,3,173,65,3764,228,324,4120,1900,2048,2188,2300,38,35.9,1863,1911,822,670,643,251,60,1241,119,864,673,250,673,250,582,207
047902,3536,3539,1677,3409,47,1791,8,42,1566,9,2,1515,70,8,166,44,3299,147,237,3392,1720,1735,1816,1804,44,40.1,1508,1484,867,465,651,199,57,1019,159,822,478,245,478,245,597,239
013102,2625,,2103,,33,,5,,342,,2,,29,,111,,2491,,134,,1166,,1459,,38.7,,1582,,475,,418,,16,,41,,841,,841,,455,
013101,3811,,2926,,71,,7,,593,,7,,54,,153,,3557,,254,,1722,,2089,,34.9,,2389,,576,,498,,18,,60,,1346,,1346,,490,
047901,6400,6540,2897,6247,156,2971,20,190,2929,13,9,2970,90,5,299,98,6025,267,375,6273,3117,3151,3283,3389,44.1,40.2,2670,2609,1480,813,1120,354,103,1796,257,1415,847,403,847,403,1098,402
042800,2376,2451,1775,2395,19,1926,3,15,471,3,1,432,15,0,92,19,2297,76,79,2375,1135,1155,1241,1296,45.8,43.5,934,962,653,200,568,63,20,762,65,677,225,251,225,251,446,172
010700,5592,5634,908,5525,85,804,12,54,4440,6,2,4598,53,2,92,61,5425,136,167,5498,2636,2622,2956,3012,51.6,50.2,2778,2831,1298,1358,984,556,101,1473,213,1263,1239,262,1239,262,1570,814
035300,7226,7082,2141,6872,55,2600,13,40,4625,21,17,4119,115,9,260,83,6818,363,408,6719,3464,3440,3762,3642,42.2,40.3,2458,2390,1734,485,1294,168,131,1905,309,1687,491,521,491,521,1180,558
061500,11502,,6731,,443,,39,,3545,,26,,238,,480,,10759,,743,,6515,,4987,,35.4,,6785,,1939,,1666,,103,,170,,3525,,3525,,834,
020700,5171,5427,3803,5175,105,4056,24,147,568,53,5,476,383,13,283,430,4232,1189,939,4238,2710,2857,2461,2570,36,34.1,2718,2781,720,1212,541,630,65,1569,114,716,1197,165,1197,165,507,166
017901,,5408,,5191,,3640,,448,,20,,885,,12,,186,,353,,5055,,3306,,2102,,35.0,,3249,,1984,,1262,,1265,,788,,95,,95,,63
061200,4089,,795,,1317,,33,,882,,18,,868,,176,,2587,,1502,,2155,,1934,,35.6,,1115,,766,,390,,110,,266,,245,,245,,440,
015400,5621,5762,3838,5554,167,3891,8,288,1257,16,14,1243,115,9,222,107,5256,312,365,5450,2619,2681,3002,3081,37.7,35.8,2839,2901,1107,1220,899,478,68,1681,140,1104,1212,286,1212,286,806,327
022704,3122,,2407,,43,,12,,420,,2,,63,,175,,2873,,249,,1673,,1449,,39.2,,1611,,649,,539,,41,,69,,637,,637,,365,
022801,5078,4676,2810,4402,159,2125,28,113,619,55,9,386,1099,9,354,1714,2935,2839,2143,1837,2770,2522,2308,2154,34.5,30.4,1850,1341,836,294,566,176,113,1047,157,691,499,255,499,255,345,88
022701,,2751,,2643,,2278,,101,,3,,171,,1,,89,,247,,2504,,1520,,1231,,39.3,,1499,,629,,350,,870,,497,,107,,107,,115
022703,,5140,,4878,,2561,,1479,,56,,429,,144,,209,,649,,4491,,2557,,2583,,32.8,,2205,,653,,346,,1552,,1092,,192,,192,,116
022702,2060,1805,1598,1730,51,1449,2,45,236,7,0,148,67,4,106,77,1806,229,254,1576,1079,961,981,844,38.2,36.9,981,952,379,390,316,238,26,562,37,290,330,65,330,65,203,53
060300,,137,,133,,107,,12,,0,,7,,0,,7,,26,,111,,92,,45,,33.9,,35,,24,,12,,11,,6,,0,,0,,0
012602,2909,,2500,,19,,1,,293,,2,,24,,70,,2775,,134,,1464,,1445,,35.8,,1724,,472,,408,,27,,37,,972,,972,,399,
012601,2329,,1976,,15,,5,,229,,2,,27,,75,,2203,,126,,1042,,1287,,33.8,,1496,,353,,308,,17,,28,,939,,939,,270,
012600,,4915,,4823,,4303,,28,,8,,437,,10,,37,,167,,4748,,2337,,2578,,35.4,,3228,,1955,,875,,1273,,821,,155,,155,,299
030800,5667,5646,3458,5412,84,3665,8,34,1760,14,9,1590,92,9,256,100,5300,365,367,5281,2723,2704,2944,2942,46.4,43.9,2145,2115,1451,472,1209,145,70,1643,172,1459,485,499,485,499,1035,477
015100,2493,2420,1615,2341,69,1703,7,59,655,3,5,540,36,2,106,34,2343,129,150,2291,1128,1116,1365,1304,45.8,43.3,1655,1638,292,1081,243,422,16,557,33,351,1110,39,1110,39,699,373
033100,3968,3739,1610,3644,19,1966,3,22,2127,1,14,1612,59,6,136,37,3751,166,217,3573,1918,1736,2050,2003,45,46.2,1442,1440,1058,342,848,92,56,1098,154,1029,303,317,303,317,736,459
026200,7564,6992,1426,6654,193,1565,37,188,4480,14,28,3743,1106,33,294,1111,5447,2082,2117,4910,3760,3434,3804,3558,39.8,36.0,1907,1790,1505,240,1002,105,172,1550,331,1416,248,449,248,449,946,338
020200,6269,6188,3847,5822,417,3708,76,438,1000,55,24,718,595,16,310,887,4692,1811,1577,4377,3474,3593,2795,2595,36.3,34.1,3228,3006,894,1394,573,821,90,1612,231,813,1530,180,1530,180,765,282
980300,171,,142,,12,,1,,5,,1,,4,,6,,152,,19,,114,,57,,36,,34,,1,,1,,0,,0,,23,,23,,1,
030202,4313,4454,2516,4260,83,2746,10,96,1356,15,5,1300,126,7,217,96,3971,304,342,4150,2049,2057,2264,2397,34.2,32.8,2084,2143,778,822,601,354,58,1321,119,774,796,222,796,222,475,172
025600,5618,5705,1253,5358,147,1430,46,155,3030,20,19,2939,856,23,267,791,4046,1518,1572,4187,2796,2787,2822,2918,41.4,37.1,1558,1527,1209,220,838,84,119,1307,252,1187,232,383,232,383,784,269
030201,3928,3980,2221,3784,46,2382,12,59,1362,13,2,1238,98,7,187,85,3640,257,288,3723,1865,1851,2063,2129,37.2,36.2,1842,1864,810,675,639,279,61,1189,110,810,648,219,648,219,522,213
012202,2986,,1306,,394,,33,,840,,10,,227,,176,,2436,,550,,1827,,1159,,39.9,,1514,,302,,192,,66,,44,,965,,965,,334,
012201,4567,,2190,,259,,41,,1169,,10,,621,,277,,3291,,1276,,2717,,1850,,35.6,,2667,,599,,388,,103,,108,,1601,,1601,,575,
012200,,7035,,6529,,3298,,486,,63,,2085,,24,,573,,1303,,5732,,4278,,2757,,34.0,,3862,,2295,,1556,,1567,,933,,286,,286,,239
032700,6572,6498,2434,6247,68,2846,9,69,3674,5,13,3231,118,16,256,80,6234,270,338,6228,3161,3103,3411,3395,42,39.7,2391,2381,1524,548,1185,210,100,1833,239,1530,530,485,530,485,1084,469
060200,,231,,222,,156,,22,,3,,37,,0,,4,,19,,212,,169,,62,,56.4,,61,,22,,7,,39,,30,,7,,7,,7
021000,4196,4559,3004,4305,92,3083,17,140,425,49,5,394,391,29,262,610,3282,1276,914,3283,2150,2354,2046,2205,35.2,33.5,2005,2203,655,949,477,532,51,1254,127,665,813,168,813,168,379,145
010300,3852,4092,2460,3971,36,2433,5,23,1176,5,4,1437,58,2,113,71,3654,140,198,3952,1929,1972,1923,2120,40.3,39.8,2026,2092,729,929,591,406,42,1163,96,790,857,180,857,180,697,314
061100,4307,,244,,108,,2,,3870,,3,,28,,52,,4216,,91,,2077,,2230,,55.2,,2135,,1126,,880,,67,,179,,964,,964,,1309,
013400,3599,3665,2989,3594,56,3114,3,103,368,8,8,330,40,9,135,30,3417,140,182,3525,1634,1718,1965,1947,36.5,35.5,1979,2115,661,1090,568,436,33,1025,60,598,984,167,984,167,426,128
023400,3660,3492,352,3331,1239,331,14,1613,739,8,190,492,868,298,258,589,2435,886,1225,2606,1719,1679,1941,1813,30.3,28.3,964,922,735,167,336,57,87,755,312,724,157,189,157,189,352,157
020500,2583,2551,2116,2458,45,2162,17,63,237,20,3,152,61,5,104,56,2391,176,192,2375,1735,1723,848,828,42.6,39.5,1325,1379,303,592,235,396,32,787,36,257,529,67,529,67,301,88
033204,3821,,1709,,250,,34,,1286,,13,,298,,231,,3213,,608,,1625,,2196,,25.5,,1598,,608,,368,,75,,165,,451,,451,,455,
011300,3143,3264,529,3202,25,452,0,33,2514,3,2,2682,29,4,44,28,3069,69,74,3195,1428,1491,1715,1773,51.8,49.3,1527,1526,738,696,581,223,35,830,122,763,675,156,675,156,875,472
060501,,412,,407,,77,,68,,0,,222,,8,,32,,89,,323,,192,,220,,34.8,,88,,7,,3,,81,,76,,28,,28,,19
060502,3216,3416,334,3225,988,271,17,1600,925,22,271,626,477,400,204,306,2378,645,838,2771,1457,1497,1759,1919,28.3,24.3,961,983,767,123,253,34,84,860,430,841,156,162,156,162,257,79
016900,2924,2995,2266,2882,97,2414,20,135,295,18,2,206,86,4,158,105,2635,249,289,2746,1822,1885,1102,1110,38.6,35.9,1589,1667,308,799,243,565,33,868,32,258,704,50,704,50,309,92
021500,5096,5195,3917,4973,72,3852,31,95,535,30,5,475,273,2,263,519,4118,1182,978,4013,2460,2570,2636,2625,37.4,35.9,2449,2516,1025,980,792,461,64,1536,169,921,942,262,942,262,535,193
040200,5191,5364,2711,5178,42,2975,18,59,1995,16,11,2027,168,5,246,96,4800,233,391,5131,2483,2491,2708,2873,38.8,36.6,2352,2398,1126,820,868,313,72,1578,186,1163,834,389,834,389,756,268
033202,,7258,,6789,,3495,,442,,16,,2622,,17,,197,,552,,6706,,3367,,3891,,34.0,,3247,,1104,,422,,2143,,1637,,517,,517,,497
013000,4044,4130,3436,4034,25,3550,7,18,417,3,2,410,45,3,112,50,3817,157,227,3973,1860,1978,2184,2152,34.9,34.9,2409,2514,609,1351,522,607,29,1163,58,681,1270,137,1270,137,533,218
030500,3046,3374,1767,3258,337,1912,15,392,705,13,14,747,74,13,134,181,2733,265,313,3109,1618,1676,1428,1698,52.1,55.5,1006,1035,523,374,431,158,37,661,55,545,356,148,356,148,460,283
015800,,6871,,6524,,3222,,2093,,27,,980,,25,,177,,448,,6423,,3499,,3372,,32.4,,3211,,1298,,646,,1913,,1094,,215,,215,,200
015801,3594,,1537,,1033,,14,,654,,10,,160,,186,,3195,,399,,1756,,1838,,36.9,,1635,,687,,353,,57,,277,,654,,654,,460,
015802,2965,,2077,,354,,10,,255,,10,,97,,162,,2664,,301,,1536,,1429,,34.3,,1491,,351,,247,,35,,69,,657,,657,,265,
011700,1783,1747,691,1685,111,603,11,75,834,16,3,932,74,6,59,53,1612,144,171,1603,988,972,795,775,43.6,42.6,1012,1002,292,569,227,358,20,433,45,344,629,72,629,72,286,96
035201,5300,5587,1886,5391,148,2101,16,135,2908,28,12,3033,88,13,242,81,5011,305,289,5282,2689,2850,2611,2737,40.4,37.9,1865,1896,1164,424,832,194,113,1472,219,1200,435,389,435,389,780,311
020600,4711,4836,3810,4636,104,3996,17,124,418,26,11,325,153,11,198,154,4251,439,460,4397,2974,3025,1737,1811,40.7,37.6,2594,2742,599,1218,471,775,56,1524,72,556,1127,107,1127,107,546,164
010400,4545,4859,3014,4762,46,3159,4,30,1270,6,7,1526,55,1,149,40,4306,166,239,4693,2363,2558,2182,2301,41,38.7,2479,2630,848,1268,686,691,57,1362,105,907,1169,199,1169,199,785,272
020900,4372,5092,2427,4759,92,2595,47,89,520,56,8,576,1002,9,276,1434,2185,2944,2187,2148,2232,2674,2140,2418,34.9,32.4,1742,1762,651,560,356,271,95,1202,200,803,614,230,614,230,409,159
022902,2617,2925,1471,2779,68,1303,45,77,255,40,14,288,611,6,153,1065,1215,1895,1402,1030,1389,1492,1228,1433,34.5,31.0,802,771,424,121,242,62,56,650,126,489,142,173,142,173,230,71
016100,5366,5257,1640,4986,2047,1436,14,2655,1188,15,30,730,183,13,264,137,4844,323,522,4934,2371,2388,2995,2869,43.1,39.7,2756,2687,1089,1346,526,536,91,1341,472,1050,1374,131,1374,131,1375,609
047600,5137,5431,2208,5230,77,2366,11,88,2496,14,6,2690,93,6,246,66,4823,202,314,5229,2432,2537,2705,2894,41.4,38.3,2173,2200,1199,596,926,213,78,1604,195,1218,657,355,657,355,852,360
017601,7630,5756,2790,5495,1021,2044,105,918,2777,80,32,2098,467,35,438,320,6589,663,1041,5093,4723,3772,2907,1984,41.5,40.2,4321,2437,1029,1437,616,1144,125,1000,288,668,2740,181,2740,181,940,148
017602,,534,,523,,321,,87,,2,,82,,0,,31,,56,,478,,359,,175,,37.3,,257,,187,,114,,70,,39,,6,,6,,5
012700,3492,3497,2980,3421,15,3052,4,7,340,5,6,332,42,0,105,25,3303,123,189,3374,1607,1650,1885,1847,36.5,35.4,2098,2185,646,1242,569,542,24,943,53,632,1184,131,1184,131,405,198
030900,6581,6771,3590,6533,267,4005,23,322,2318,14,8,2066,113,2,262,124,6102,433,479,6338,3150,3231,3431,3540,46.9,43.8,2345,2377,1766,399,1444,115,88,1978,234,1834,400,644,400,644,1230,506
012800,4106,4209,3533,4114,35,3659,3,17,374,6,3,386,42,6,116,40,3909,154,197,4055,1872,1922,2234,2287,36.6,36.2,2363,2471,732,1304,613,558,38,1167,81,758,1230,197,1230,197,650,270
033201,3683,3075,2008,2855,289,1626,13,202,834,14,13,866,249,13,277,134,3025,345,658,2730,1440,1300,2243,1775,19.9,22.3,647,752,240,266,134,91,30,486,76,285,177,58,177,58,199,165
021200,2779,2882,2303,2755,31,2458,12,37,257,9,4,178,34,3,138,70,2561,212,218,2670,1492,1624,1287,1258,41.3,38.2,1396,1504,533,619,431,343,33,885,69,495,531,162,531,162,367,99
010500,2685,2217,1756,2168,46,1728,3,43,778,4,2,380,40,3,60,10,2530,71,155,2146,1390,1116,1295,1101,50.2,52.2,1682,1521,541,944,486,469,22,577,33,451,979,40,979,40,701,231
020100,6172,6340,3105,5918,384,2744,225,404,945,109,24,1040,1029,21,460,1600,3516,3290,2656,3050,3706,3659,2466,2681,37.7,32.4,2948,2306,829,988,479,600,146,1318,204,944,1557,297,1557,297,749,237
032802,4047,,1228,,36,,4,,2603,,4,,67,,105,,3891,,156,,1981,,2066,,42.2,,1443,,921,,725,,59,,137,,317,,317,,641,
032801,4238,,1415,,39,,3,,2568,,3,,85,,125,,3990,,248,,1993,,2245,,42.5,,1437,,949,,706,,63,,180,,296,,296,,634,
032800,,8034,,7780,,3007,,94,,24,,4550,,10,,95,,312,,7722,,3828,,4206,,39.4,,2809,,622,,225,,2187,,1821,,571,,571,,542
980501,797,,87,,102,,7,,460,,39,,79,,23,,645,,152,,353,,444,,45.3,,223,,146,,87,,15,,44,,71,,71,,137,
031400,6676,6112,1274,5809,1030,980,25,1842,3092,27,51,2279,883,37,321,644,4958,1181,1718,4931,3406,3066,3270,3046,38.3,35.2,1791,1665,1267,294,790,129,161,1371,316,1225,302,377,302,377,826,266
023001,5216,5083,543,4930,756,606,17,1209,3317,18,24,2663,407,47,152,387,4431,747,785,4336,2562,2512,2654,2571,41.4,36.9,1312,1320,1043,220,704,72,112,1100,227,1043,204,345,204,345,718,296
023003,4093,4028,514,3874,1039,429,37,1534,1729,10,14,1457,605,62,155,382,3131,655,962,3373,2048,1971,2045,2057,38.9,36.1,1154,1115,865,182,520,81,103,933,242,871,205,262,205,262,529,200
023103,3725,4649,263,4442,2128,160,24,3425,156,11,546,102,311,619,297,125,3121,271,604,4378,1619,1985,2106,2664,24.2,21.4,1202,1379,903,209,198,59,102,1170,603,1120,257,160,257,160,271,64
012302,3073,,1501,,249,,27,,1007,,10,,134,,145,,2701,,372,,1746,,1327,,33,,2098,,258,,170,,36,,52,,1510,,1510,,401,
012300,,6205,,5866,,2879,,668,,73,,1925,,15,,306,,812,,5393,,3861,,2344,,39.1,,3753,,2588,,1810,,1165,,783,,164,,164,,306
012301,2734,,1113,,334,,25,,852,,2,,285,,123,,2134,,600,,1746,,988,,46.3,,1559,,365,,204,,75,,86,,1023,,1023,,588,
033000,7764,7496,3118,7240,81,3581,7,99,4110,14,11,3427,165,12,272,107,7259,408,505,7088,3737,3586,4027,3910,42.7,40.6,2698,2664,1844,592,1456,208,131,2072,257,1820,566,576,566,576,1260,561
030101,4233,4475,2856,4304,91,3013,17,121,947,10,4,1059,86,12,232,89,3902,262,331,4213,2021,2191,2212,2284,34.2,31.9,1997,2044,696,783,562,400,42,1261,92,661,763,209,763,209,381,92
030102,4838,4797,3252,4594,98,3296,8,135,1168,5,11,1061,87,7,214,90,4533,258,305,4539,2441,2373,2397,2424,36.8,35.9,2203,2326,971,872,801,395,57,1454,113,1078,831,350,831,350,655,251
010800,4578,5130,2240,5008,43,2093,5,42,2131,9,2,2818,42,7,115,39,4412,132,166,4998,2113,2435,2465,2695,39.5,38.6,2338,2476,828,1102,647,447,53,1374,128,1018,1052,244,1052,244,845,399
017102,3451,,2753,,129,,12,,319,,3,,62,,173,,3208,,243,,1671,,1780,,35.4,,1687,,617,,505,,38,,74,,645,,645,,307,
017101,3544,,2952,,133,,17,,232,,4,,51,,155,,3275,,269,,1769,,1775,,37.6,,1728,,666,,575,,35,,56,,674,,674,,407,
017100,,7263,,6979,,5829,,487,,35,,483,,16,,129,,405,,6858,,3787,,3476,,34.2,,3530,,1397,,707,,2133,,1111,,301,,301,,158
025700,,9221,,8829,,2198,,373,,28,,4975,,57,,1198,,2116,,7105,,4531,,4690,,36.4,,2503,,433,,173,,2070,,1912,,710,,710,,519
025701,4788,,1021,,171,,14,,2889,,34,,520,,139,,3715,,1073,,2364,,2424,,40.7,,1331,,1009,,699,,95,,215,,221,,221,,652,
025702,4665,,846,,107,,17,,2911,,13,,642,,129,,3520,,1145,,2298,,2367,,40.7,,1229,,981,,694,,100,,187,,187,,187,,592,
016500,5083,5121,3632,4826,359,3491,21,635,637,22,4,552,144,10,286,116,4621,352,462,4769,2387,2622,2696,2499,34.7,33.3,2344,2373,740,916,551,414,52,1457,137,691,887,119,887,119,521,221
026402,4118,4109,681,3938,431,747,22,610,2321,16,31,2084,478,42,154,439,3243,812,875,3297,2061,2047,2057,2062,39.2,35.9,1108,1058,858,131,589,62,79,927,190,858,174,300,174,300,522,184
020400,,6742,,6518,,5488,,184,,36,,654,,9,,147,,497,,6245,,4324,,2418,,39.0,,4097,,2044,,1361,,2053,,785,,137,,137,,223
020401,2846,,2285,,59,,9,,320,,2,,65,,106,,2635,,211,,1801,,1045,,42.8,,1591,,356,,285,,27,,44,,692,,692,,383,
011200,3286,3700,1929,3619,52,2168,3,39,1150,3,6,1374,62,3,84,32,3098,102,188,3598,1559,1818,1727,1882,43.6,42.3,1858,2089,634,1057,528,484,33,1032,73,742,924,146,924,146,706,349
042601,3687,,1867,,47,,16,,1463,,2,,113,,179,,3408,,279,,1718,,1969,,40.9,,1679,,871,,655,,80,,136,,585,,585,,597,
060400,1689,1518,1025,1442,73,897,5,107,415,3,6,394,74,3,91,38,1512,116,177,1402,797,772,892,746,41,36.4,1001,896,303,447,217,236,29,449,57,311,550,67,550,67,348,89
017902,2880,1453,1011,1387,724,949,37,177,525,8,28,166,260,9,295,78,2217,148,663,1305,1561,858,1319,595,26.2,25.4,656,460,346,50,136,30,50,410,160,159,74,43,74,43,59,0
017000,3689,3775,3110,3680,52,3280,6,77,317,9,5,235,67,9,132,70,3404,234,285,3541,2372,2510,1317,1265,44.1,41.1,2125,2226,492,1053,407,702,36,1173,49,450,978,98,978,98,586,168
021600,3836,3880,2497,3707,216,2627,12,268,744,6,25,650,120,15,222,141,3462,341,374,3539,2143,2193,1693,1687,43.8,41.7,2026,2101,758,919,593,506,54,1182,111,723,860,166,860,166,647,184
010100,3739,2879,1858,2790,256,1771,7,163,1345,5,23,750,112,23,138,78,3453,209,286,2670,1754,1456,1985,1423,38.7,37.7,2090,1760,713,1029,503,532,37,731,173,496,1100,86,1100,86,714,250
012401,5075,,1830,,529,,62,,1279,,20,,1119,,236,,3223,,1852,,3274,,1801,,37.5,,2698,,752,,397,,192,,163,,1627,,1627,,699,
012400,,8188,,7667,,3992,,700,,93,,2229,,34,,619,,1677,,6511,,5059,,3129,,34.5,,4328,,2677,,1853,,1651,,1130,,287,,287,,345
012402,3974,,2031,,424,,40,,907,,9,,351,,212,,3197,,777,,2410,,1564,,36.8,,2254,,493,,287,,71,,135,,1477,,1477,,630,
013300,4232,4145,3571,4041,55,3619,9,47,439,6,2,329,30,11,126,29,4038,109,194,4036,1898,1845,2334,2300,43.2,38.8,1887,1980,923,745,819,249,38,1235,66,904,735,306,735,306,702,255
015300,2040,2114,1460,2044,136,1441,15,262,318,8,1,266,29,9,81,58,1896,113,144,2001,966,1008,1074,1106,35.6,36.6,957,948,312,403,248,201,18,545,46,277,387,63,387,63,191,60
030600,2221,2132,1453,2065,39,1509,3,19,559,1,2,501,46,4,119,31,2045,143,176,1989,1125,1078,1096,1054,45.2,43.0,865,851,577,172,490,84,23,679,64,564,180,185,180,185,354,142
031100,6193,6278,3258,5951,192,3346,28,221,1957,27,29,1948,319,28,410,381,5081,1166,1112,5112,3166,3145,3027,3133,42,39.2,2462,2427,1388,659,1007,282,129,1768,252,1340,612,420,612,420,874,287
047701,4334,4618,1738,4455,84,2046,16,55,2185,16,3,2232,111,3,197,103,4039,258,295,4360,2104,2187,2230,2431,40.8,38.5,1869,1866,998,535,713,212,73,1331,212,1040,582,291,582,291,724,306
047702,3824,3946,1552,3827,69,1647,10,56,1970,11,3,2044,56,6,164,63,3639,152,185,3794,1783,1881,2041,2065,42.1,38.6,1554,1533,885,445,672,173,45,1088,168,864,473,242,473,242,641,265
016200,2541,2502,1701,2389,180,1628,16,250,391,19,7,337,129,14,117,141,2203,381,338,2121,1491,1527,1050,975,37.1,34.4,1594,1462,270,849,196,577,27,613,47,291,965,70,965,70,280,48
047801,4005,,1530,,46,,3,,2189,,3,,78,,156,,3782,,223,,1883,,2122,,43.9,,1634,,956,,726,,66,,164,,490,,490,,672,
013100,,6467,,6319,,5443,,102,,4,,690,,10,,70,,275,,6192,,3084,,3383,,36.3,,4060,,2312,,966,,1748,,1059,,172,,172,,379
026302,4992,4355,1169,4047,223,1237,17,110,2697,8,36,2101,593,29,257,562,3732,1067,1260,3288,2442,2107,2550,2248,40.2,37.9,1448,1281,1093,221,764,76,99,1060,230,955,238,327,238,327,656,235
025300,4362,4615,2965,4302,116,2647,40,197,497,31,18,558,471,11,255,858,3114,1712,1248,2903,2296,2423,2066,2192,37.3,35.7,1767,1771,783,535,551,284,92,1236,140,812,518,249,518,249,409,165
021300,2474,2402,1987,2285,21,1972,20,32,247,16,1,184,62,7,136,74,2278,188,196,2214,1275,1250,1199,1152,39.9,37.2,1171,1204,531,435,441,222,28,769,62,466,377,131,377,131,285,69
026403,4140,4112,456,3954,206,509,22,322,2909,9,37,2773,363,39,147,302,3469,523,671,3589,2048,2094,2092,2018,41.5,36.6,1062,1003,832,128,586,50,81,875,165,834,175,266,175,266,547,189
026401,4044,3733,337,3614,421,405,17,457,2558,17,53,2382,543,55,115,298,3248,549,796,3184,1984,1861,2060,1872,40,36.4,1016,891,853,97,563,44,83,794,207,760,117,263,117,263,541,178
010200,4143,4288,3518,4197,28,3710,6,33,419,4,6,424,28,3,138,23,3932,162,211,4126,1989,2055,2154,2233,38.9,38.3,2544,2767,705,1570,631,678,27,1197,47,774,1330,118,1330,118,735,313
026404,2851,2287,295,2203,527,213,23,554,1255,14,96,902,471,75,184,445,2021,632,830,1655,1411,1145,1440,1142,34,31.7,671,507,578,47,341,20,60,460,177,446,67,134,67,134,276,64
035202,4322,4436,2066,4261,80,2190,24,73,1827,14,19,1881,133,11,173,92,3942,301,380,4135,2175,2300,2147,2136,37.5,35.6,1764,1763,871,519,621,278,80,1244,170,898,542,265,542,265,526,176
016300,4293,4521,2428,4275,826,2425,23,1340,574,15,8,312,210,16,224,167,3743,418,550,4103,2285,2453,2008,2068,33.5,31.4,2047,2024,548,823,308,509,59,1201,181,575,893,94,893,94,403,80
018000,4221,2285,2104,2169,895,1046,50,670,720,27,18,247,222,9,212,170,3619,421,602,1864,2884,1614,1337,671,36.8,34.0,1499,494,397,248,343,172,25,246,29,133,781,27,781,27,123,14
980600,467,,69,,266,,6,,84,,1,,16,,25,,407,,60,,229,,238,,37.9,,154,,108,,42,,9,,57,,28,,28,,53,
011100,5164,5559,2721,5372,133,2825,18,128,1928,24,10,2247,157,7,197,141,4664,327,500,5232,2711,2929,2453,2630,37.8,36.8,3073,2930,748,1571,562,858,72,1359,114,859,1752,213,1752,213,857,248
012000,3833,3972,1992,3743,175,2253,29,141,1108,30,8,1082,272,16,249,221,3255,475,578,3497,2149,2359,1684,1613,36.4,35.3,2546,2572,394,1704,275,1092,56,868,63,468,1706,102,1706,102,564,232
011901,2408,,1481,,95,,16,,634,,7,,59,,116,,2188,,220,,1276,,1132,,37,,1395,,282,,226,,21,,35,,862,,862,,401,
011900,,5243,,5045,,3407,,135,,25,,1335,,18,,125,,415,,4828,,2700,,2543,,36.1,,3445,,2276,,1130,,1169,,652,,106,,106,,285
026004,4315,4010,1142,3793,52,1234,42,86,1990,16,18,1636,870,38,201,783,2694,1493,1621,2517,2188,1998,2127,2012,37.5,34.6,1144,1074,871,180,588,77,88,894,195,791,164,300,164,300,475,173
011902,2598,,1590,,58,,10,,708,,13,,106,,113,,2281,,317,,1301,,1297,,33.8,,1700,,333,,259,,25,,49,,1085,,1085,,298,
026002,3544,3680,1409,3503,143,1653,18,172,1196,13,19,1172,591,3,168,490,2357,1161,1187,2519,1682,1720,1862,1960,45.3,41.1,955,942,673,170,449,64,69,772,155,682,172,215,172,215,437,167
026003,4908,4826,1430,4549,131,1478,77,137,2117,39,24,1800,891,27,238,1068,2998,1914,1910,2912,2423,2327,2485,2499,38.8,35.6,1314,1279,988,209,663,81,111,1070,214,977,214,334,214,334,628,226
010900,4320,4506,3096,4384,41,3273,6,70,966,9,1,954,74,9,136,69,4054,195,266,4311,2020,2118,2300,2388,36.6,36.5,2628,2747,668,1499,555,643,40,1248,73,706,1391,96,1391,96,729,339
026001,5863,5549,1726,5298,119,1843,45,98,2190,20,21,2041,1456,37,306,1259,3049,2526,2814,3023,2878,2818,2985,2731,36.7,34.7,1519,1436,1136,249,738,111,130,1187,268,1085,220,379,220,379,636,249
032902,3831,,1055,,38,,5,,2582,,3,,53,,95,,3645,,186,,1820,,2011,,44.4,,1313,,934,,707,,65,,162,,254,,254,,639,
035100,7842,7756,2698,7485,90,3043,7,77,4687,5,10,4253,97,6,253,101,7414,354,428,7402,3818,3788,4024,3968,41.1,39.5,2718,2661,1797,584,1378,231,130,2077,289,1784,587,579,587,579,1138,525
020800,6577,7371,3371,6804,180,3524,118,185,889,132,8,1079,1604,25,407,1859,3231,4193,3346,3178,3791,4145,2786,3226,34.5,30.5,2543,2363,976,712,574,384,172,1651,230,1142,934,368,934,368,613,236
032900,,8452,,8209,,3002,,53,,7,,5081,,3,,63,,311,,8141,,4027,,4425,,41.3,,2942,,589,,194,,2353,,2062,,659,,659,,641
032901,5021,,1590,,48,,16,,3142,,5,,70,,150,,4771,,250,,2431,,2590,,43.7,,1700,,1218,,926,,82,,210,,317,,317,,836,
025403,4267,4487,1837,4201,328,1640,31,580,1094,21,33,1149,663,31,281,780,2673,1568,1594,2919,2016,2112,2251,2375,37.5,34.1,1436,1403,928,252,555,96,94,1151,279,947,297,264,297,264,490,181
025402,2912,3241,1472,3013,172,1374,27,251,688,21,17,906,330,26,206,435,2089,996,823,2245,1398,1527,1514,1714,40.4,36.9,1060,1077,641,253,422,108,54,824,165,657,248,191,248,191,404,158
025401,3404,3906,1942,3623,173,1796,16,234,437,25,24,609,538,21,274,938,2126,1686,1278,2220,1680,1932,1724,1974,38.1,33.7,1276,1309,669,327,411,149,70,982,188,721,343,205,343,205,384,116
016600,5069,5045,3971,4841,210,4001,22,357,473,36,8,318,98,10,287,119,4624,314,445,4731,2680,2786,2389,2259,33,31.4,2480,2466,660,962,510,586,47,1504,103,514,906,102,906,102,372,71
023101,,1231,,1197,,166,,577,,6,,292,,7,,149,,253,,978,,583,,648,,33.3,,341,,64,,26,,277,,245,,67,,67,,60
023102,3478,3600,303,3460,2172,230,23,2625,456,7,27,421,327,29,170,148,2913,321,565,3279,1549,1637,1929,1963,31.5,31.0,1222,1259,822,314,270,111,102,945,450,876,325,171,325,171,417,126
015700,7832,6875,4609,6608,398,4064,21,518,2062,25,21,1651,242,51,479,299,7011,567,821,6308,3523,3160,4309,3715,27.6,28.3,2575,2455,876,857,684,400,66,1598,126,863,939,205,939,205,607,250
022600,1534,846,1144,823,64,608,7,98,208,6,14,82,35,3,62,26,1402,60,132,786,873,492,661,354,37.3,35.8,815,456,268,222,238,150,11,234,19,121,320,19,320,19,76,21
017802,4516,,2384,,495,,38,,1064,,10,,301,,224,,3870,,646,,2879,,1637,,38,,2214,,524,,393,,59,,72,,1140,,1140,,430,
022802,2099,1762,1087,1635,123,775,30,117,400,27,10,262,303,12,146,442,1437,689,662,1073,1129,893,970,869,39.2,35.6,593,591,297,175,168,78,39,416,90,283,141,74,141,74,161,45
017800,,5829,,5556,,2343,,506,,44,,2321,,17,,325,,582,,5247,,3043,,2786,,47.6,,3115,,1814,,815,,1301,,866,,111,,111,,961
017801,3499,,986,,114,,4,,2268,,2,,33,,92,,3360,,139,,1472,,2027,,70.4,,2198,,635,,550,,22,,63,,1357,,1357,,1475,
021700,3948,4139,2441,3931,390,2500,20,504,727,22,8,753,125,8,237,144,3439,467,509,3672,1946,2047,2002,2092,46,42.6,1798,1851,956,585,689,256,63,1266,204,944,590,231,590,231,780,185
017700,2128,1777,1183,1659,108,944,27,50,299,7,11,325,385,11,115,322,1404,719,724,1058,1308,1048,820,729,35.2,32.5,744,667,245,218,162,152,39,449,44,267,247,76,247,76,131,47
035400,6691,6726,2385,6495,106,2562,32,116,3732,16,12,3684,129,13,295,104,6196,373,495,6353,3332,3242,3359,3484,42.2,39.0,2377,2331,1540,541,1160,228,123,1790,257,1524,534,518,534,518,1003,416
022803,4595,5178,2626,4826,72,2397,44,98,465,40,11,442,1107,15,270,1834,2170,3391,2425,1787,2416,2754,2179,2424,33.4,30.3,1531,1473,765,276,490,130,99,1197,176,879,356,307,356,307,364,133
025500,8471,7518,3129,7130,134,2960,43,106,3730,21,20,3129,994,20,421,894,5776,2209,2695,5309,4291,3676,4180,3842,40,37.7,2469,2253,1769,433,1194,164,188,1820,387,1561,420,500,420,500,1102,447
016700,4652,4701,3544,4501,265,3518,25,531,426,28,12,311,117,6,263,107,4188,392,464,4309,2577,2662,2075,2039,34.5,33.2,2277,2364,589,982,446,594,51,1382,92,546,884,119,884,119,311,92
012500,,7727,,7233,,2730,,1177,,117,,2799,,49,,361,,1004,,6723,,4929,,2798,,44.9,,4205,,2870,,2077,,1335,,1050,,262,,262,,492
012501,5335,,2233,,923,,75,,1297,,47,,504,,256,,4313,,1022,,3499,,1836,,46.6,,2205,,538,,346,,94,,98,,1494,,1494,,691,
012502,3821,,1028,,564,,44,,1551,,31,,420,,183,,3015,,806,,2339,,1482,,51.8,,2034,,509,,315,,87,,107,,1423,,1423,,1022,
042700,5326,5513,2494,5350,83,2889,25,70,2371,13,4,2286,117,7,232,85,4982,255,344,5258,2533,2577,2793,2936,40.7,37.7,2352,2374,1238,766,909,309,83,1608,246,1222,773,355,773,355,893,342
013200,4162,4436,3493,4369,47,3868,2,49,445,8,4,411,42,1,129,32,4003,135,159,4301,2013,2141,2149,2295,40.4,38.8,2260,2448,858,1213,763,563,25,1235,70,921,1106,258,1106,258,707,233
047802,3656,,1489,,61,,8,,1848,,16,,66,,168,,3440,,216,,1758,,1898,,41.6,,1497,,835,,624,,59,,152,,457,,457,,587,
015200,3934,3857,2535,3732,143,2624,11,188,993,12,7,848,75,5,170,55,3672,162,262,3695,1725,1825,2209,2032,40,38.1,2430,2391,574,1363,468,593,26,1028,80,578,1436,94,1436,94,872,354
047800,,7787,,7502,,3462,,96,,12,,3785,,17,,130,,323,,7464,,3724,,4063,,39.8,,3105,,862,,357,,2243,,1789,,508,,508,,505
026100,6810,5995,1258,5708,108,1436,40,94,4031,28,15,3399,1106,9,252,742,5002,1445,1808,4550,3283,2951,3527,3044,39.9,38.5,1877,1638,1409,300,971,114,134,1338,304,1213,300,391,300,391,936,349
011500,,759,,742,,165,,25,,6,,527,,9,,10,,26,,733,,488,,271,,51.9,,545,,421,,317,,124,,114,,20,,20,,105
060700,9083,676,4450,643,352,381,37,72,3541,8,7,164,274,0,422,18,8329,47,754,629,4888,426,4195,250,33.1,36.7,4381,243,1645,73,1340,53,105,170,200,117,1868,24,1868,24,591,19
010600,3894,4279,1437,4197,59,1434,6,42,2169,8,1,2663,103,2,119,48,3640,131,254,4148,2133,2289,1761,1990,42.6,39.9,2015,2049,710,1018,538,651,57,1031,115,773,1017,191,1017,191,763,236
061400,5395,,2844,,924,,34,,730,,132,,421,,310,,4483,,912,,2708,,2687,,35.4,,2354,,1163,,666,,101,,396,,672,,672,,481,
045100,4996,5102,2152,4915,103,2151,16,123,2336,5,12,2543,134,7,243,86,4660,208,336,4894,2420,2477,2576,2625,36,35.5,2150,2109,963,658,729,263,74,1451,160,1008,742,306,742,306,638,270
021100,3853,3833,3102,3675,46,3233,11,55,384,5,4,273,92,4,214,105,3503,334,350,3499,1968,1973,1885,1860,38.3,36.4,1863,1959,768,775,641,383,35,1184,92,650,642,200,642,200,468,130
025800,1960,1871,358,1755,160,378,7,244,1114,8,3,915,241,4,77,206,1533,423,427,1448,959,926,1001,945,40.7,37.1,572,542,398,110,265,49,27,432,106,389,125,113,125,113,264,104
023002,,2330,,2186,,271,,1112,,9,,357,,1,,436,,641,,1689,,1143,,1187,,30.7,,661,,161,,76,,500,,448,,112,,112,,101
060100,3235,2234,2589,2099,69,1707,12,103,256,17,21,169,72,35,216,68,2985,211,250,2023,1692,1202,1543,1032,30.1,27.8,1110,802,566,115,445,69,42,687,79,368,176,167,176,167,102,6
980900,350,,215,,38,,1,,30,,2,,47,,17,,269,,81,,211,,139,,37.8,,146,,43,,40,,2,,1,,61,,61,,20,
030700,6343,6367,3985,6050,194,4042,9,279,1601,12,1,1562,165,13,388,142,5737,479,606,5888,3268,3256,3075,3111,45.7,44.6,2651,2709,1615,710,1349,296,67,1999,199,1575,644,465,644,465,1147,482
031000,3494,3556,1982,3404,103,1942,12,199,1154,6,3,1152,83,2,157,103,3123,337,371,3219,1755,1740,1739,1816,45.6,41.0,1271,1281,886,256,691,104,55,1025,140,901,236,304,236,304,597,226
031300,,8201,,7903,,1585,,2349,,26,,3556,,31,,356,,732,,7469,,3982,,4219,,38.5,,2572,,483,,174,,2089,,1862,,559,,559,,482
016400,3778,3791,2565,3624,370,2527,19,665,373,27,8,293,220,16,223,96,3298,335,480,3456,1997,2050,1781,1741,33.4,31.8,1811,1814,432,739,306,432,52,1075,74,401,759,70,759,70,221,89
060900,,411,,407,,199,,135,,2,,26,,6,,39,,86,,325,,279,,132,,40.0,,73,,26,,21,,47,,35,,6,,6,,2
022903,3384,3942,1687,3679,69,1687,29,116,473,38,3,450,863,16,260,1372,1673,2345,1711,1597,1767,2058,1617,1884,34.7,30.7,1118,1128,559,197,340,100,69,931,150,676,256,224,256,224,310,110
015500,3622,3591,1725,3454,352,1691,13,639,1151,6,14,1057,208,4,159,57,3275,196,347,3395,1523,1522,2099,2069,45.7,43.9,2176,2102,533,1283,359,400,38,819,136,550,1379,67,1379,67,1162,668
022901,4640,4965,2193,4590,246,2592,56,108,362,61,32,287,1435,24,316,1518,1851,3564,2789,1401,2464,2676,2176,2289,31.6,29.5,1410,1260,786,202,392,101,130,1058,264,764,246,289,246,289,318,105
025100,3077,3249,2015,3010,158,1915,10,231,417,17,4,499,262,4,211,344,2358,737,719,2512,1588,1705,1489,1544,40.3,38.3,1269,1281,640,345,456,172,62,936,122,645,343,182,343,182,405,136
011000,4827,5029,2259,4903,78,1976,6,73,2252,8,4,2780,74,7,154,59,4601,141,226,4888,2270,2454,2557,2575,35.8,35.9,2475,2440,766,1113,591,549,54,1327,121,865,1122,202,1122,202,702,307
032601,4416,,1710,,70,,9,,2305,,4,,106,,212,,4123,,293,,2139,,2277,,36.8,,1728,,913,,683,,71,,159,,464,,464,,598,
012100,3833,3462,2171,3304,190,2084,42,116,1018,20,4,984,184,9,224,91,3336,257,497,3205,1879,1916,1954,1546,28.6,32.3,2194,2330,311,1570,220,850,27,760,64,343,1422,70,1422,70,360,142
032600,,8605,,8325,,3566,,98,,12,,4519,,7,,123,,354,,8251,,4134,,4471,,37.2,,3190,,792,,327,,2398,,1895,,577,,577,,469
026301,4875,4410,977,4261,45,1052,16,44,2972,32,2,2576,677,10,186,547,3506,1150,1369,3260,2435,2199,2440,2211,40.6,37.3,1273,1118,1007,172,691,79,90,946,226,875,172,324,172,324,652,212
026303,4551,4529,965,4283,81,1047,12,69,2637,7,17,2448,685,41,154,671,3324,1230,1227,3299,2286,2171,2265,2358,41,37.0,1233,1185,975,153,678,55,100,1032,197,958,180,349,180,349,605,215
020300,3034,3145,2208,2989,77,2365,20,113,368,15,5,288,202,6,154,202,2569,510,465,2635,1865,1933,1169,1212,37.8,35.6,1661,1705,333,780,234,532,41,925,58,319,735,49,735,49,311,89
021800,3840,3914,2987,3653,69,3011,16,94,390,19,1,299,144,13,233,217,3287,674,553,3240,1931,2019,1909,1895,40.9,38.4,1768,1805,846,591,660,278,55,1214,131,789,569,237,569,237,551,152
061000,3610,2400,547,2309,481,378,28,456,1996,1,15,1303,345,23,198,148,3015,309,595,2091,1834,1195,1776,1205,36.8,36.8,1150,643,807,104,558,55,79,539,170,489,231,165,231,165,388,90
012900,,5706,,5564,,4799,,47,,12,,623,,2,,81,,279,,5427,,2576,,3130,,33.9,,3651,,2110,,846,,1541,,807,,123,,123,,377
990100,0,,0,,0,,0,,0,,0,,0,,0,,0,,0,,0,,0,,0,,0,,0,,0,,0,,0,,0,,0,,0,
015600,2728,2821,1597,2703,64,1637,6,90,819,3,5,917,73,6,164,50,2535,164,193,2657,1315,1355,1413,1466,34.7,33.5,1272,1300,499,476,387,234,35,824,77,501,436,133,436,133,345,144
023200,4582,4490,616,4282,1832,386,46,2617,628,47,58,490,1113,61,289,681,2802,1011,1780,3479,2295,2151,2287,2339,33.4,32.1,1228,1225,907,196,459,78,102,1029,346,933,249,224,249,224,482,217
031301,3826,,961,,696,,8,,1863,,8,,117,,173,,3540,,286,,1850,,1976,,40.9,,1261,,834,,552,,71,,211,,262,,262,,600,
015900,4350,4165,1767,3953,573,1828,6,709,1652,27,8,1243,141,4,203,142,3996,318,354,3847,2089,2093,2261,2072,37.4,36.3,2285,2172,805,1011,520,502,81,1161,204,774,1027,125,1027,125,776,301
031302,5495,,969,,843,,27,,2970,,31,,412,,243,,4791,,704,,2669,,2826,,36.3,,1777,,1145,,733,,122,,290,,382,,382,,678,
011800,1500,1528,124,1503,12,138,1,4,1327,0,0,1359,17,0,19,2,1462,10,38,1518,728,726,772,802,50.3,48.5,695,722,373,336,276,150,32,386,65,368,288,91,288,91,369,177
033203,3472,,1753,,233,,17,,1002,,6,,198,,263,,2978,,494,,1653,,1819,,29.9,,1478,,689,,438,,64,,187,,403,,403,,438,
032602,4316,,1507,,50,,5,,2516,,7,,48,,183,,4138,,178,,2073,,2243,,43.3,,1669,,976,,738,,83,,155,,477,,477,,801,
030302,3549,3471,1663,3350,22,1726,7,35,1610,10,2,1534,69,9,176,36,3323,127,226,3344,1735,1683,1814,1788,43.8,41.8,1374,1336,891,301,725,102,53,1035,113,874,322,289,322,289,579,250
012901,2557,,2084,,25,,6,,343,,3,,18,,78,,2398,,159,,1134,,1423,,32.9,,1562,,358,,292,,17,,49,,823,,823,,257,
012902,3376,,2684,,36,,5,,446,,4,,61,,140,,3141,,235,,1534,,1842,,32.8,,2023,,482,,399,,32,,51,,1085,,1085,,410,
030301,5658,5886,2878,5677,83,3204,12,93,2249,8,6,2285,128,5,302,82,5264,287,394,5599,2715,2822,2943,3064,40.1,38.0,2362,2431,1285,686,1029,266,94,1745,162,1271,649,376,649,376,864,336
